{"cameraMode":{"drawMode":0,"name":"Shaded","section":"Shading Mode"},"sceneLighting":true,"audioPlay":false,"sceneViewState":{"m_AlwaysRefresh":false,"showFog":true,"showSkybox":true,"showFlares":true,"showImageEffects":true,"showParticleSystems":true,"showVisualEffectGraphs":true,"m_FxEnabled":true},"in2DMode":false,"pivot":{"x":0.23864364624023438,"y":0.4108271598815918,"z":-0.6907421350479126},"rotation":{"x":0.09616346657276154,"y":-0.7345574498176575,"z":0.10651762783527374,"w":0.6632106304168701},"size":7.531422138214111,"orthographic":true}